mu_g,mu_r,mu_b,sd_g,sd_r,sd_b
0.870813,0.74032885,0.8252014,0.1160233,0.13472492,0.081654176
0.9533576,0.89225686,0.902173,0.053334113,0.07660399,0.05254594
0.92467237,0.8397306,0.88075864,0.10062229,0.14410171,0.09101712
0.91844916,0.8764585,0.89260113,0.08313908,0.081689306,0.056402847
0.9501463,0.89867014,0.8899733,0.069241054,0.09574939,0.08190576
0.9335963,0.8498916,0.8842204,0.08170153,0.10456377,0.067591526
0.8868375,0.80978745,0.84934175,0.12955153,0.14053959,0.089253336
0.8354487,0.71739155,0.8424544,0.16918741,0.17412293,0.09056572
0.83522826,0.60485154,0.7505086,0.16450681,0.24523391,0.15867533
0.93828404,0.68369234,0.78096473,0.10328802,0.20264617,0.13295561
0.7030701,0.5202817,0.66864055,0.22034705,0.31133693,0.21074916
0.87076664,0.6665979,0.81411064,0.15410255,0.18948305,0.09989374
0.9091343,0.8353744,0.86752117,0.10192855,0.12174851,0.0841909
0.9324534,0.8613858,0.8813428,0.081407666,0.107343465,0.074599825
0.92813164,0.82948333,0.87063724,0.08138652,0.11389878,0.07611374
0.9068085,0.7126138,0.8317159,0.10888318,0.19265863,0.108007096
0.9057786,0.805688,0.8520859,0.10874907,0.13055618,0.08362957
0.8090788,0.5173198,0.7066026,0.15853953,0.28701085,0.17507976
0.9324688,0.8462266,0.8654742,0.0785752,0.11531898,0.08441884
0.8067234,0.5560779,0.7164218,0.16343635,0.2636998,0.1666334
0.88804144,0.6297389,0.76162815,0.13957399,0.26138902,0.15913957
0.7200674,0.4668325,0.61807895,0.21134555,0.3171956,0.22678244
0.8070795,0.491641,0.6575761,0.17614675,0.30341548,0.2025539
0.87214977,0.5280615,0.6857884,0.17914495,0.29444793,0.19218847
0.89860755,0.5497417,0.71318895,0.15703371,0.27127606,0.17062081
0.84197646,0.49316913,0.6691554,0.1520566,0.29201555,0.19245118
0.89260864,0.49259654,0.6498544,0.11520769,0.3009865,0.2077208
0.933304,0.8810397,0.884188,0.06787503,0.086191766,0.06464949
0.8252255,0.54986525,0.7044884,0.1498072,0.2728177,0.173593
0.7268186,0.4555713,0.6128257,0.21181767,0.31305423,0.22630626
0.9404249,0.52774477,0.71798795,0.10106658,0.24226618,0.1432483
0.926352,0.85982776,0.89028406,0.0833819,0.10419318,0.072741106
0.94313055,0.86429244,0.8911567,0.06782939,0.09823611,0.066643156
0.9352975,0.8680713,0.8939946,0.082402825,0.10487613,0.06455521
0.8866919,0.59094965,0.73540473,0.12858748,0.30205372,0.2010018
0.76265115,0.553439,0.7234368,0.20039293,0.27685273,0.17088996
0.9451351,0.86571103,0.8877862,0.06741364,0.09367331,0.06483823
0.9459515,0.8654023,0.8846788,0.07510899,0.10917972,0.075965054
0.8435356,0.6513344,0.7874333,0.16357099,0.22403848,0.13694377
0.88503146,0.51457083,0.6763228,0.12229654,0.29218784,0.19850214
0.8859583,0.67579055,0.7775111,0.123845086,0.20704338,0.13572575
0.8929806,0.785641,0.84795517,0.1108241,0.14056857,0.08713859
0.82250994,0.5549385,0.70935565,0.16330123,0.28926256,0.1861384
0.9525657,0.8144887,0.8692753,0.080784895,0.1464157,0.09388883
0.8747283,0.7402262,0.8029038,0.13157316,0.16786149,0.11157853
0.8775941,0.80326694,0.8809195,0.1237052,0.13243575,0.07202307
0.9288606,0.8122077,0.84475124,0.08965065,0.13498968,0.09423595
0.92743915,0.7553088,0.82396996,0.09045567,0.18217497,0.12174301
0.9415684,0.8496599,0.8744877,0.06860024,0.10787232,0.072613545
0.8610867,0.64970577,0.7886847,0.1863975,0.26055837,0.16958663
0.8231602,0.6308667,0.7361221,0.17232214,0.28640702,0.20153598
0.9219994,0.84385747,0.87882394,0.11681765,0.13944265,0.08782998
0.91008186,0.77495843,0.8237411,0.10593025,0.15318346,0.10404003
0.919022,0.84738046,0.86163545,0.07894221,0.105344675,0.0766879
0.86000866,0.4784491,0.63576555,0.13868138,0.31267294,0.22101149
0.813011,0.5867985,0.6776547,0.16762364,0.26432863,0.19868512
0.38636288,0.31345344,0.3817376,0.19868904,0.23689334,0.19779706
0.8837365,0.58116263,0.7283057,0.13381207,0.27649695,0.17921412
0.82050467,0.49720892,0.67504287,0.159461,0.28604865,0.18613696
0.8660578,0.68841076,0.7882645,0.14890133,0.19239773,0.11817273
0.55484056,0.40861604,0.51042336,0.18549217,0.2653298,0.2017608
0.8305404,0.6003478,0.7141751,0.16581538,0.29532295,0.22482991
0.8911048,0.67365205,0.7979755,0.16779387,0.23340724,0.13833332
0.9416445,0.8802541,0.88733906,0.06769165,0.09598402,0.06947918
0.88538843,0.6470384,0.77034694,0.13443677,0.2515863,0.16856657
0.9306884,0.63518304,0.7600444,0.11197274,0.23904727,0.15124528
0.76839954,0.5616576,0.70505714,0.19212456,0.26626608,0.1735277
0.84844065,0.5016156,0.663366,0.1526777,0.32167414,0.21559921
0.89347327,0.605305,0.7411074,0.11040897,0.22497113,0.14814559
0.8659039,0.65898424,0.7705989,0.15036398,0.24232133,0.1575849
0.8342017,0.65497136,0.80889046,0.14504755,0.21076928,0.11683679
0.92089,0.8176627,0.8780733,0.09096193,0.122772016,0.07396225
0.8860897,0.8355329,0.85172427,0.12071203,0.1247793,0.085904635
0.9027192,0.7813753,0.84251684,0.10922727,0.14029774,0.098111615
0.9171348,0.84186333,0.86233014,0.09116408,0.11911309,0.08875361
0.90185994,0.6416273,0.7690822,0.10718066,0.21785766,0.13708773
0.66929954,0.47321013,0.6229725,0.23495622,0.29570308,0.2175489
0.94425124,0.7660308,0.8336643,0.07568454,0.14975017,0.09475987
0.8413924,0.7133968,0.79640937,0.16802868,0.2451164,0.15440196
0.7370026,0.513005,0.70181644,0.20643325,0.29280323,0.18507212
0.7665088,0.5190396,0.7046004,0.17596574,0.27388185,0.1675591
0.81860036,0.6352798,0.75157225,0.15866314,0.2686822,0.17763072
0.756592,0.563237,0.71597975,0.19980565,0.2679838,0.17020656
0.9369128,0.7193986,0.79535145,0.09194593,0.19707611,0.13283038
0.7987251,0.43459138,0.60813713,0.1800165,0.34051207,0.23248419
0.9536044,0.8925855,0.90225667,0.048785802,0.07651237,0.055276077
0.7309103,0.5198365,0.63272125,0.23186632,0.3524906,0.26356623
0.8527531,0.7924439,0.8826679,0.14025712,0.13470767,0.067857064
0.8401148,0.590259,0.74152213,0.15611587,0.23102707,0.14186172
0.9566422,0.9170529,0.91543204,0.047790643,0.06812437,0.053865716
0.9546343,0.8888866,0.8932438,0.05547954,0.083576754,0.062419504
0.8074899,0.42918557,0.56710196,0.19489521,0.35774118,0.26987243
0.9691566,0.8249924,0.866038,0.043320414,0.16789562,0.116935454
0.94423103,0.6189139,0.744385,0.09439955,0.2301509,0.15524481
0.8524746,0.55805826,0.7161754,0.15023859,0.26847622,0.17328395
0.8549827,0.48524094,0.6521768,0.14705968,0.30581707,0.21050596
0.8490495,0.52690625,0.7006332,0.14928877,0.27648532,0.17761989
0.8389671,0.5230856,0.68318456,0.15412164,0.29477262,0.19479918
0.93274844,0.7947834,0.84192514,0.07722467,0.14043644,0.09181768
0.90540624,0.64685166,0.77928686,0.13948043,0.24269848,0.16566473
0.9076555,0.7899602,0.8313951,0.0858136,0.13510469,0.08948038
0.9085922,0.686981,0.8089887,0.13756591,0.22400406,0.14652689
0.9088162,0.76134753,0.8184533,0.12661672,0.21497539,0.15442136
0.87187326,0.5686999,0.7196821,0.17962515,0.30066037,0.19321571
0.82746315,0.69710696,0.7704792,0.17642176,0.19953859,0.13451022
0.92333806,0.81663996,0.8528288,0.08334437,0.13147168,0.089059904
0.93889403,0.8887176,0.89471245,0.059029914,0.078417435,0.058614418
0.8660598,0.7957381,0.8221323,0.13398802,0.15033463,0.11270644
0.8062017,0.48662567,0.6765314,0.16353078,0.30152684,0.19294074
0.8001289,0.6056425,0.74178386,0.18761599,0.27782592,0.17902458
0.8566519,0.75638515,0.8475312,0.13149947,0.14644857,0.082879744
0.9354064,0.8122567,0.86152434,0.08262716,0.13729046,0.08855028
0.9593281,0.70601594,0.82095194,0.056221567,0.21490254,0.12878735
0.96124303,0.9258201,0.9236313,0.032420013,0.042727962,0.038075585
0.838261,0.6163846,0.702255,0.15249535,0.2493825,0.1864274
0.74064213,0.5130142,0.6953119,0.21349986,0.30231148,0.19190787
0.9133776,0.8405916,0.86893576,0.09953143,0.12748288,0.08513679
0.9150968,0.6864013,0.79451597,0.09269627,0.21115153,0.13816479
0.78242683,0.5791259,0.7199845,0.19756399,0.28629944,0.18235943
0.84286225,0.7707662,0.86267537,0.15206617,0.1562323,0.081789434
0.92216516,0.84996456,0.87591386,0.084712386,0.116088375,0.080772325
0.8712413,0.7861585,0.8653187,0.13274612,0.14356527,0.0790424
0.9194081,0.8653504,0.888152,0.081743285,0.10287036,0.07133564
0.9561033,0.6363472,0.74306446,0.079397425,0.24435008,0.16936918
0.835107,0.6479041,0.7307605,0.14198239,0.22684963,0.16745852
0.90689915,0.64687175,0.78024775,0.1490225,0.2083234,0.12911253
0.91436213,0.53269273,0.6912814,0.10751856,0.28145456,0.19114481
0.8847482,0.6836126,0.8283261,0.13467626,0.2131992,0.11378624
0.8546411,0.5774382,0.71420777,0.15180926,0.2548873,0.1747436
0.84137493,0.5337798,0.7001199,0.15825719,0.29819193,0.18955928
0.93049073,0.83846915,0.8514945,0.0817629,0.11884252,0.08816768
0.83330023,0.5882298,0.7473042,0.14959282,0.24826948,0.154695
0.9444048,0.7531253,0.8205076,0.088026755,0.16738603,0.11102878
0.875603,0.58971953,0.72927076,0.1425347,0.27198383,0.17812745
0.9313705,0.80568904,0.8765607,0.09620513,0.14377265,0.08225894
0.8581329,0.5064528,0.6773251,0.15096876,0.29617918,0.1939271
0.8442048,0.67725277,0.7667246,0.15642479,0.21370082,0.14133066
0.95353276,0.87532485,0.90342194,0.060366724,0.0869587,0.0550782
0.9206953,0.7732718,0.8307526,0.11697702,0.1832093,0.12204169
0.962136,0.838364,0.87866014,0.049387537,0.11483449,0.07614899
0.86359036,0.5346188,0.70385283,0.124258906,0.26410326,0.17359488
0.94206464,0.8806196,0.8967284,0.06689888,0.09612873,0.06774913
0.7981315,0.5304091,0.6907856,0.16025189,0.26103878,0.16864295
0.8786096,0.61834353,0.7772584,0.15915668,0.25007248,0.14282417
0.9435049,0.88994306,0.89915323,0.057916816,0.084252805,0.060508344
0.9131988,0.63072586,0.7619239,0.09852795,0.2152341,0.14639835
0.90993214,0.6272826,0.75263023,0.107157625,0.23382793,0.15194471
0.9313226,0.84434974,0.8998339,0.08342038,0.10457942,0.05701466
0.95571196,0.87600434,0.8861373,0.05478154,0.10265502,0.0833167
0.95300406,0.9057557,0.9085728,0.043530878,0.064801805,0.0496101
0.82830083,0.6526031,0.8074533,0.13165979,0.18637404,0.10073537
0.8463296,0.70045125,0.7780112,0.17012501,0.19658257,0.13208836
0.9134972,0.8286714,0.8828778,0.11637716,0.15620747,0.09604876
0.9476333,0.8531678,0.8572431,0.06628678,0.13862823,0.110138685
0.9047681,0.826486,0.8553915,0.10309179,0.12808347,0.08925073
0.9091753,0.78669333,0.8351287,0.09956132,0.14858678,0.100359544
0.8273612,0.6016742,0.7444741,0.18059126,0.219559,0.13372812
0.9178691,0.6354375,0.76674116,0.11552654,0.2388111,0.14881569
0.87167597,0.72251385,0.8187276,0.12908211,0.19376612,0.11918861
0.93346006,0.8154885,0.85296595,0.07191856,0.1215282,0.081610024
0.93883044,0.7473638,0.8265001,0.10130703,0.17753024,0.11136321
0.9160571,0.7979681,0.8389438,0.108073294,0.1577391,0.104949854
0.92459875,0.8243233,0.8556195,0.08399556,0.12591694,0.087179594
0.79430187,0.5389325,0.7007737,0.1596626,0.254448,0.16339993
0.9266731,0.7990956,0.83932894,0.0826199,0.14554864,0.104550146
0.9154178,0.73768234,0.82557106,0.11774924,0.18747386,0.11154343
0.93770134,0.8405281,0.8781751,0.07955146,0.11804782,0.073856525
0.92609644,0.63811827,0.7705473,0.113127954,0.21702282,0.14024898
0.93357056,0.87438995,0.88108677,0.07636305,0.09841988,0.07145319
0.953292,0.7469392,0.8127205,0.06872411,0.18001491,0.121943444
0.761162,0.5557263,0.7192038,0.21135874,0.29997724,0.19149192
0.8647145,0.5630766,0.704748,0.1378419,0.25367963,0.16837882
0.7645478,0.5144641,0.7029922,0.1819692,0.2824546,0.17089547
0.9144918,0.8703367,0.87454915,0.07666225,0.08761935,0.075951084
0.77856797,0.57649326,0.71654963,0.19337447,0.26761276,0.17562005
0.8060187,0.62291783,0.75292367,0.17892425,0.2690397,0.1719513
0.9356321,0.8251707,0.8610352,0.07405132,0.14614289,0.09916203
0.92127967,0.8407824,0.8614564,0.09196016,0.11944465,0.083095245
0.9500567,0.8933849,0.9015244,0.04686469,0.06831508,0.049841683
0.85992867,0.58981115,0.7460712,0.16316648,0.25187126,0.15188925
0.9246766,0.8474156,0.8700919,0.093176246,0.12637138,0.08703104
0.82408637,0.52881956,0.69370496,0.16860405,0.30089694,0.19575457
0.9437825,0.89810854,0.8989831,0.045773476,0.06718983,0.051047616
0.84337884,0.5585187,0.6970639,0.15883864,0.3164044,0.21886918
0.8913145,0.7444949,0.862469,0.11767683,0.1666699,0.082956314
0.84944123,0.596688,0.75073534,0.13653487,0.23158798,0.14221393
0.8233998,0.4560984,0.59936076,0.18210778,0.35203665,0.25918633
0.886914,0.5849216,0.72870314,0.12298609,0.24939293,0.15993892
0.914511,0.7435316,0.8571342,0.109647155,0.16923186,0.09521982
0.89642835,0.7275252,0.7891715,0.1270799,0.19768655,0.13443033
0.9184191,0.8410909,0.8666752,0.081348196,0.10277401,0.07277116
0.9418628,0.84688514,0.882927,0.07168423,0.13472018,0.08968247
0.8743506,0.63362885,0.7800032,0.16368066,0.25079063,0.16154118
0.8959197,0.7380631,0.8114924,0.10360546,0.16972904,0.113009244
0.82528025,0.5619838,0.73150975,0.15056032,0.23090254,0.14082909
0.9086073,0.7345386,0.81456757,0.11348462,0.17589456,0.11265558
0.812078,0.57938945,0.67304516,0.16449712,0.25969356,0.19630747
0.9343094,0.8231632,0.87402165,0.080134645,0.12715769,0.076752245
0.9318242,0.83990157,0.8721589,0.07968751,0.11727633,0.07901415
0.8463664,0.59390336,0.7309785,0.15314043,0.25625473,0.16867031
0.9498345,0.6045263,0.7214634,0.08035325,0.30844972,0.21770333
0.8541757,0.67770195,0.79157794,0.14463742,0.20218854,0.12085775
0.8891721,0.77969354,0.8057634,0.10693943,0.14142871,0.11735542
0.8419555,0.5814988,0.72169995,0.16677473,0.30011588,0.19816606
0.8608684,0.68080544,0.7876737,0.1321477,0.21407501,0.14548537
0.82174027,0.6057575,0.69022804,0.14902698,0.23239492,0.17302874
0.90688866,0.82545334,0.88586825,0.12033249,0.15576199,0.09387335
0.8739338,0.65604573,0.7552359,0.12880951,0.24055777,0.16068025
0.878245,0.7766961,0.8419625,0.12739404,0.15316765,0.092812054
0.86275077,0.7019971,0.8226753,0.1906076,0.23958099,0.14063963
0.91892254,0.84553,0.85939133,0.07683843,0.105607204,0.08011425
0.93505627,0.57360566,0.7470926,0.09828225,0.23325941,0.13573536
0.9380273,0.859465,0.8926128,0.08293058,0.110567644,0.07241917
0.8808479,0.7408032,0.8629707,0.13345084,0.17197458,0.08287139
0.9018827,0.6921104,0.8062868,0.14913066,0.1988695,0.12037156
0.907507,0.8000677,0.86730635,0.1210234,0.16934358,0.10603317
0.9442297,0.7385204,0.81131727,0.0882523,0.18112567,0.11941955
0.92540723,0.82957697,0.85951036,0.08084451,0.12488911,0.0849226
0.81593674,0.49382216,0.6727976,0.17254245,0.28586912,0.18507275
0.83969516,0.6314529,0.7659315,0.15526389,0.21994606,0.13448662
0.8663746,0.69256383,0.82187074,0.17779402,0.23055582,0.13444504
0.9495623,0.8964579,0.91063356,0.05390868,0.08792784,0.059232756
0.95952654,0.92159545,0.91848826,0.04246998,0.05509798,0.045960277
0.793681,0.4190091,0.6329977,0.16027641,0.280717,0.1796265
0.9197925,0.8375907,0.8681721,0.10092614,0.124200515,0.08252116
0.9378846,0.8627101,0.8934517,0.081232406,0.0958713,0.062166225
0.9113989,0.8244177,0.8714798,0.12410086,0.14469777,0.09118346
0.94006133,0.8416966,0.8855818,0.08493573,0.12017818,0.071435995
0.8369691,0.67310363,0.78385866,0.15180342,0.21483958,0.13310163
0.9252733,0.84152436,0.8752142,0.0916892,0.116139755,0.07868369
0.94613636,0.87809646,0.9000576,0.0646428,0.09079591,0.058904815
0.86013836,0.57719404,0.7266678,0.1486928,0.2597153,0.16621463
0.9263334,0.8386807,0.85690516,0.07600105,0.109838925,0.080802836
0.85418105,0.4969238,0.65006226,0.1592953,0.31832144,0.22210617
0.89524776,0.7915555,0.846847,0.11572016,0.14483401,0.0936269
0.94570994,0.63890827,0.7529575,0.08536358,0.21007264,0.14325032
0.9238173,0.8143944,0.8823752,0.09101351,0.13018584,0.08070888
0.87592334,0.77780294,0.8333051,0.13030228,0.15312818,0.09974797
0.9422999,0.8889228,0.9018941,0.05880751,0.085784934,0.06363386
0.7360422,0.4425784,0.6322128,0.20449841,0.31360403,0.21136536
0.8232728,0.6175443,0.7090089,0.1881125,0.2521467,0.178612
0.8661474,0.73059577,0.81185937,0.12900291,0.18491043,0.12056085
0.892583,0.76318777,0.8186166,0.12442569,0.17244798,0.115645796
0.91545314,0.8414672,0.86508834,0.10208398,0.12437657,0.08333353
0.9458259,0.8932571,0.8904434,0.057319567,0.07984699,0.0679999
0.90703565,0.7813235,0.8341951,0.117165245,0.16344984,0.10930426
0.8001265,0.5509978,0.7083773,0.16572727,0.2660939,0.17936562
0.8366749,0.6147325,0.746924,0.18159287,0.22597726,0.14361781
0.91692865,0.81141704,0.84695166,0.08874863,0.12787493,0.08720358
0.93611234,0.8378172,0.87108487,0.07204999,0.11111423,0.07416799
0.8716506,0.7680468,0.87222826,0.12847048,0.14165348,0.07290264
0.85410243,0.5506716,0.69503736,0.15002911,0.266778,0.18388228
0.8625648,0.5231868,0.6972488,0.14033204,0.27559835,0.17610306
0.9180381,0.83479786,0.8621085,0.08509189,0.11700891,0.081659086
0.88908404,0.77074844,0.82297117,0.10456774,0.1564596,0.10968232
0.8873993,0.8037743,0.83667606,0.12681873,0.1556684,0.11525281
0.93009365,0.82635885,0.86485237,0.08677849,0.114804216,0.07373872
0.9408565,0.7314132,0.8052442,0.09308962,0.17633978,0.117131725
0.87990266,0.6054742,0.74449867,0.1261863,0.26951545,0.17411232
0.9100688,0.8065415,0.8457561,0.10357397,0.1347883,0.094006486
0.8740771,0.7889842,0.87379634,0.12275971,0.13696674,0.07075133
0.8875905,0.7295792,0.83520675,0.16158587,0.21471885,0.12835534
0.92413193,0.8506249,0.87099385,0.07938313,0.1019076,0.07262054
0.94671375,0.5462378,0.7280971,0.08965461,0.24174061,0.14499064
0.75560373,0.5066356,0.6843335,0.18725991,0.27599514,0.17751428
0.9387312,0.86167693,0.8957921,0.0854377,0.10980806,0.06624967
0.91672516,0.8071627,0.8429683,0.094047084,0.13594046,0.095602
0.75813437,0.6109749,0.7361554,0.20424622,0.26627606,0.17156184
0.92946106,0.8601234,0.87431836,0.09432986,0.12996252,0.09911375
0.5349577,0.3560784,0.46214366,0.2204861,0.28516966,0.2298444
0.90786487,0.78157115,0.8327977,0.10982255,0.15068622,0.0990572
0.92798424,0.84612155,0.8797657,0.0941582,0.11739625,0.07813534
0.91442734,0.79920596,0.8779079,0.10558586,0.13806143,0.07718175
0.9009248,0.693291,0.8033855,0.12447266,0.18623173,0.11130471
0.9265215,0.836865,0.85429,0.07945513,0.114169426,0.08194215
0.88038397,0.49925068,0.669727,0.12796436,0.30022112,0.19696195
0.92830724,0.8350172,0.8638744,0.08202022,0.12011952,0.079805195
0.95510834,0.8459994,0.8808578,0.051291026,0.105329305,0.06701773
0.9284317,0.8919318,0.9029981,0.094876885,0.09891695,0.062259473
0.90768826,0.76211977,0.80921483,0.119348526,0.16539538,0.113598965
0.9342921,0.80922616,0.8503963,0.08165404,0.13510302,0.09050864
0.8518114,0.5403745,0.6968361,0.14657377,0.3033468,0.19616282
0.81189746,0.53559744,0.6971924,0.15168548,0.27093008,0.17411454
0.9606929,0.73892933,0.82470846,0.068012856,0.1897438,0.12176653
0.8917521,0.78148913,0.86112297,0.13316661,0.17494617,0.10591176
0.89925003,0.5327183,0.68308383,0.123122714,0.30295053,0.20859478
0.8962483,0.7964846,0.88028115,0.115057275,0.1406397,0.08116242
0.8555109,0.49600017,0.6700689,0.13647541,0.2986475,0.19468668
0.9363579,0.8901002,0.9101285,0.06663548,0.0750025,0.05086557
0.901305,0.7884421,0.8644795,0.13169193,0.18059032,0.111381784
0.9183688,0.8227725,0.85844827,0.09410715,0.13514161,0.09176355
0.91509795,0.66449314,0.81871486,0.10852241,0.20185617,0.11224904
0.8838272,0.72818327,0.8459737,0.14685102,0.17608726,0.09377851
0.92192036,0.8583296,0.90857476,0.08331136,0.08731596,0.04612763
0.8861852,0.669425,0.7903341,0.16411614,0.20733853,0.123487405
0.9064478,0.7398637,0.80488724,0.10881557,0.17881423,0.1208772
0.9415419,0.870718,0.88645536,0.07003864,0.09733175,0.06656043
0.898211,0.65984255,0.76681226,0.15142101,0.30843925,0.1898527
0.7621245,0.5099563,0.6902875,0.18472593,0.27176964,0.16944553
0.80225927,0.5971095,0.74165237,0.18322489,0.27766824,0.17557882
0.96140337,0.84884536,0.8781065,0.06274052,0.11863067,0.080979876
0.9167022,0.79242325,0.83951604,0.07905935,0.1340403,0.09558261
0.8898656,0.77581495,0.8261034,0.12557557,0.15837923,0.10626479
0.828396,0.6522524,0.7329428,0.15175253,0.2365494,0.1761855
0.8422012,0.50405973,0.67852634,0.1637334,0.30075854,0.19435339
0.89457625,0.5104264,0.6842324,0.16357741,0.27864367,0.18012203
0.907384,0.8016852,0.840542,0.119830795,0.15509051,0.105539866
0.9124301,0.8102495,0.8583851,0.111900546,0.15247543,0.097212456
0.8454687,0.5200697,0.6783321,0.14018005,0.2906916,0.19270447
0.9379149,0.8864217,0.8954188,0.066259384,0.09047622,0.06639151
0.9486901,0.8504635,0.85766506,0.06976848,0.134175,0.10487225
0.8537864,0.6207327,0.7659918,0.12853202,0.21658626,0.13382606
0.795976,0.48366213,0.6528137,0.17830466,0.29554865,0.19410728
0.9286865,0.79896164,0.8491422,0.09361075,0.14260551,0.09213501
0.93137145,0.83328336,0.8725197,0.074588016,0.11445209,0.075682834
0.8404882,0.74734753,0.8085305,0.15479504,0.2070215,0.14395615
0.9268494,0.78089684,0.8307416,0.088096835,0.17235844,0.11768523
0.91326374,0.8298648,0.852495,0.10163393,0.13601784,0.09714814
0.9340259,0.86787903,0.87649643,0.07647604,0.09693028,0.06813182
0.7404052,0.46170986,0.6064272,0.20026024,0.33378732,0.24160305
0.9139617,0.79445815,0.8350198,0.09418043,0.15083085,0.10250107
0.93261486,0.8535426,0.86720437,0.07057693,0.09634228,0.07078794
0.8921736,0.6729909,0.8058685,0.15210947,0.22801149,0.14135836
0.77283,0.50500876,0.68621236,0.16649874,0.28181893,0.1803062
0.7997031,0.6069193,0.7375247,0.16965283,0.27635595,0.16668858
0.9258284,0.7770789,0.8636614,0.10478022,0.16297221,0.09601047
0.8553464,0.62642515,0.77221715,0.14811051,0.22491065,0.13543075
0.9067144,0.85650295,0.87748444,0.101369,0.10991639,0.07633872
0.80864316,0.64960176,0.7645544,0.16022499,0.22206433,0.14683063
0.88532585,0.5900064,0.7318184,0.1357456,0.26248613,0.16595125
0.7975058,0.57045627,0.7216279,0.1889181,0.3091582,0.1957899
0.95234144,0.87233865,0.88918686,0.05351022,0.111008584,0.07841971
0.8531154,0.58195084,0.7195076,0.15569961,0.3167562,0.20802787
0.9289343,0.6450799,0.7692384,0.10796819,0.21547659,0.13529767
0.89508045,0.7920995,0.83173466,0.119562514,0.14923285,0.102102734
0.53830266,0.37143478,0.47298893,0.20350912,0.28874734,0.22247446
0.941895,0.8339327,0.87151015,0.064654864,0.1169033,0.07800466
0.87202036,0.7552755,0.8160289,0.1147124,0.16537912,0.116632655
0.89255977,0.81314075,0.8515128,0.112800196,0.13073416,0.0841055
0.84175986,0.6766923,0.81575805,0.14658272,0.18464832,0.09823905
0.83504224,0.61361784,0.73721683,0.15771858,0.23789315,0.15836857
0.8935302,0.8082412,0.8542418,0.11485255,0.1312827,0.083065994
0.8685827,0.7724341,0.8405882,0.14280477,0.16617718,0.10427387
0.92031974,0.7276679,0.8211192,0.080375,0.17290327,0.108738944
0.8783738,0.6500268,0.7651436,0.1138252,0.19915983,0.12992564
0.85179394,0.5811518,0.7335295,0.14822005,0.2567587,0.16360088
0.83246195,0.5045871,0.66039187,0.15920743,0.31763613,0.21577197
0.8193761,0.51248825,0.667597,0.17723499,0.3115844,0.20911439
0.8727745,0.5497042,0.71643466,0.13599706,0.26607674,0.17011423
0.937904,0.8694904,0.89104205,0.078325704,0.10430609,0.06938776
0.8352488,0.47334594,0.66908973,0.14084056,0.2701562,0.17141859
0.9595007,0.8715199,0.8686222,0.04617291,0.13358282,0.110161185
0.86251646,0.7939091,0.83322394,0.14746313,0.15086289,0.10116715
0.8267651,0.5157449,0.67000514,0.16504043,0.303137,0.20241065
0.9135565,0.85751456,0.8763965,0.081125796,0.09250305,0.06597344
0.8334217,0.59828013,0.7400352,0.1635659,0.27871424,0.18109117
0.77121186,0.52887183,0.7157505,0.21733126,0.31176364,0.18891352
0.71818674,0.430075,0.58938426,0.20709679,0.31220353,0.22985962
0.904017,0.66638005,0.7845426,0.11426265,0.22825524,0.14503287
0.95050997,0.8583277,0.85414106,0.054817367,0.1357008,0.109903835
0.9115923,0.8185165,0.85153145,0.10406207,0.1307938,0.08680864
0.9179923,0.7802335,0.8270615,0.106042296,0.15977553,0.11395538
0.8816846,0.6502891,0.7772379,0.12348252,0.2443542,0.15415457
0.9246337,0.7027241,0.8169096,0.109270655,0.21679358,0.14064942
0.7627467,0.5400999,0.70972574,0.18914127,0.25363925,0.15525892
0.87030584,0.685526,0.82046646,0.16572398,0.20684642,0.110628724
0.8911965,0.8294929,0.8535527,0.12586004,0.13130865,0.089194015
0.9261921,0.8712826,0.89038295,0.07541263,0.08835279,0.062069226
0.8231144,0.55992734,0.6849462,0.16254058,0.31552833,0.23276475
0.936979,0.8661394,0.89388907,0.078290746,0.10246019,0.066865996
0.88162476,0.5728167,0.72472787,0.14153655,0.2382707,0.14876494
0.8981329,0.8065193,0.8388693,0.11319911,0.148647,0.10531819
0.8395462,0.69845545,0.7890723,0.16839346,0.2516977,0.16358046
0.9319083,0.83248395,0.8629201,0.07162046,0.10483743,0.074809894
0.8839559,0.64183766,0.7632696,0.13412812,0.23669909,0.15867558
0.9350824,0.8786349,0.8926972,0.0681341,0.088777475,0.06396733
0.8526545,0.52803874,0.7079169,0.13566083,0.27094722,0.16923837
0.872633,0.62581694,0.7405859,0.1306408,0.24486792,0.16566563
0.95681924,0.74067134,0.816632,0.064293675,0.17614198,0.11904423
0.8433218,0.5948763,0.7691469,0.1915155,0.2673353,0.15270521
0.8829443,0.78403395,0.8579552,0.14124134,0.18878488,0.11418329
0.8056418,0.5016401,0.6987471,0.1621948,0.267929,0.16497496
0.9266886,0.7194114,0.78753227,0.09474258,0.20540403,0.13637643
0.92190707,0.8287962,0.88155526,0.10727788,0.15592824,0.098257825
0.8473944,0.7221162,0.8485434,0.13918512,0.15769306,0.08025326
0.91540146,0.6920013,0.7982527,0.08833921,0.21935225,0.13724843
0.926189,0.7280458,0.8072245,0.09742811,0.17370498,0.109131254
0.90813065,0.661964,0.7817305,0.1081705,0.22472402,0.14425655
0.8698032,0.6642282,0.7856568,0.13104919,0.22999865,0.1415651
0.88392806,0.66335064,0.81464344,0.14348611,0.19420055,0.10229258
0.78694564,0.53084695,0.7088512,0.1614089,0.26916644,0.16523059
0.8954394,0.6814895,0.78502035,0.112030536,0.19799729,0.13222323
0.9316199,0.8679788,0.89090717,0.07260925,0.09163959,0.06505616
0.9329866,0.8252384,0.87341034,0.09161301,0.1261613,0.076101504
0.8614305,0.5185267,0.6989044,0.13135184,0.2689952,0.16973642
0.9417764,0.88851535,0.8830815,0.056919985,0.08193341,0.06991726
0.91091925,0.81957155,0.8817295,0.11295743,0.150962,0.090710536
0.9331737,0.8020953,0.84069,0.0740563,0.13874769,0.099132754
0.93007225,0.85731673,0.8688589,0.074119754,0.108180344,0.07767454
0.8570621,0.6716754,0.76342124,0.15935718,0.23187967,0.1555332
0.8468132,0.5688017,0.70373935,0.156622,0.27463093,0.19123118
0.71668273,0.49411932,0.67983097,0.20076662,0.28595725,0.18574545
0.8333544,0.67090887,0.7794397,0.17467295,0.2393465,0.14433941
0.91019076,0.46879634,0.6572463,0.1060121,0.27122915,0.18383949
0.903628,0.6600339,0.801033,0.13469814,0.22527243,0.12843645
0.7302267,0.60041785,0.68796456,0.16015783,0.22358857,0.16730651
0.93756384,0.89717853,0.9038798,0.06482322,0.08098845,0.059558913
0.9224187,0.8795511,0.8906174,0.078707606,0.087636344,0.06295249
0.89064705,0.64877903,0.7659463,0.123898074,0.28219557,0.18116997
0.9027301,0.7114668,0.7909325,0.12352615,0.18477353,0.12093895
0.87739336,0.55136937,0.6731254,0.15039971,0.32580683,0.2418857
0.9285159,0.8702717,0.86777735,0.075348124,0.11020895,0.08712148
0.8969469,0.77862036,0.84988475,0.1385543,0.18755406,0.12584347
0.87705314,0.8065678,0.8876995,0.13631022,0.12950999,0.069910854
0.9245632,0.8763563,0.8875165,0.07847261,0.08955849,0.06588649
0.91304934,0.8099865,0.87098074,0.12514877,0.17210138,0.1085038
0.92049754,0.8408518,0.87599045,0.12653634,0.15278539,0.09392841
0.9055403,0.72999513,0.81763905,0.10415104,0.21676254,0.13138673
0.6996,0.42173365,0.57470167,0.21732618,0.33878428,0.25107282
0.88529164,0.6674976,0.7810722,0.1586272,0.242635,0.15020207
0.8832673,0.64083797,0.7844026,0.17102456,0.23932037,0.13691977
0.9683605,0.6465853,0.7502652,0.07048342,0.26521844,0.18858111
0.89757305,0.7279683,0.7787646,0.11210526,0.17703417,0.12732694
0.9236602,0.82681894,0.8716444,0.10199746,0.13492934,0.08868116
0.88919973,0.7887993,0.87017024,0.13696246,0.17000048,0.096012734
0.6124897,0.5261037,0.6095872,0.20410535,0.22419497,0.18093428
0.83800536,0.51648396,0.68079144,0.15580298,0.2918343,0.19269703
0.94512445,0.7915814,0.85155517,0.09107051,0.16014521,0.09796598
0.88707,0.8093488,0.88237387,0.11516669,0.12345181,0.06679133
0.9365075,0.84708583,0.8772254,0.078314915,0.12413286,0.085068084
0.93795943,0.84480405,0.8839563,0.08644242,0.115560025,0.06948285
0.88801634,0.7121298,0.82407236,0.16902193,0.23767185,0.14333302
0.7697137,0.53410923,0.7102392,0.17508377,0.2721964,0.17542155
0.9125643,0.8570497,0.87482315,0.10101141,0.105995655,0.08531815
0.7989666,0.5484348,0.69572926,0.17471048,0.29576227,0.19187915
0.9134389,0.7773781,0.8169303,0.10598972,0.16489975,0.115759306
0.84033793,0.57220775,0.7123409,0.16460375,0.298524,0.2027955
0.9323362,0.86070013,0.892086,0.09312095,0.10787664,0.06477509
0.86361736,0.5011157,0.6721228,0.13236405,0.30461028,0.19930364
0.89634293,0.5006217,0.64089245,0.12588708,0.3310275,0.23976547
0.9727448,0.8576409,0.89243,0.0374023,0.11296852,0.0735487
0.91368556,0.66632026,0.7797218,0.11208459,0.22974695,0.14512543
0.9395522,0.82386863,0.86380064,0.07402656,0.13432509,0.08792386
0.918461,0.7489456,0.8174906,0.10491204,0.18303382,0.12176828
0.93211025,0.85469097,0.8705183,0.0681509,0.094549686,0.07143696
0.94632024,0.74105084,0.80915326,0.07275806,0.18606079,0.123633735
0.90000397,0.854397,0.8747854,0.114569955,0.11986644,0.07910681
0.84262645,0.5983625,0.747414,0.17959125,0.25871298,0.15963049
0.9625429,0.8748635,0.8942581,0.03759232,0.108103365,0.0864885
0.94034547,0.85530007,0.8856504,0.07624815,0.111796536,0.07241759
0.86569685,0.65251964,0.7839106,0.13996485,0.2191274,0.13371114
0.9421918,0.8198676,0.85735947,0.07101978,0.14249781,0.1028885
0.9160387,0.8524493,0.8616264,0.088208996,0.11477984,0.08689826
0.73378575,0.48224437,0.6582287,0.19695756,0.30449826,0.2017041
0.8533899,0.4814858,0.660476,0.14749411,0.2963465,0.19730452
0.9436872,0.87743366,0.8933519,0.06858665,0.10749491,0.0716473
0.846494,0.71695596,0.8421443,0.14920881,0.16263863,0.0855894
0.83582217,0.5362995,0.67823553,0.15955223,0.32182977,0.2178128
0.95024806,0.90706354,0.90628165,0.052043833,0.06651469,0.05226521
0.87103033,0.6399558,0.78026605,0.16893148,0.24774575,0.16280638
0.83928144,0.58482933,0.73852515,0.16742733,0.24750236,0.15418957
0.8335498,0.43465587,0.6378136,0.12991597,0.27299896,0.17612551
0.9367137,0.8624644,0.8674097,0.06829869,0.0973206,0.07374304
0.8452501,0.6740858,0.7724325,0.18951355,0.28302154,0.18867943
0.85248387,0.6825359,0.8235289,0.17755759,0.21842536,0.119271025
0.88699365,0.74862707,0.82303715,0.15481779,0.21074352,0.1381217
0.8115584,0.49988806,0.69535017,0.15996355,0.2860984,0.1753429
0.8477056,0.52430975,0.6851206,0.14937799,0.29081073,0.19287744
0.93945456,0.8824909,0.88743705,0.07327948,0.096225716,0.07243029
0.88622683,0.70298797,0.82592577,0.1577714,0.21634853,0.13020657
0.88070357,0.51219976,0.6842968,0.13662173,0.29863968,0.19412373
0.94020736,0.88981926,0.8997651,0.06941356,0.09465012,0.07032944
0.8531397,0.79326063,0.86254305,0.13205853,0.137206,0.08262943
0.9530253,0.8460537,0.880584,0.07296626,0.135746,0.096465215
0.90090084,0.7694258,0.8514389,0.13228399,0.18918565,0.12089573
0.88696146,0.82318515,0.8498877,0.120004855,0.13068247,0.091717586
0.8682186,0.5374105,0.6908149,0.14691809,0.29674143,0.19902536
0.9040977,0.82979393,0.85691506,0.10453411,0.1272331,0.08832077
0.9130378,0.77580994,0.8219096,0.09442272,0.14542523,0.10375973
0.8393472,0.7463243,0.8077087,0.15142225,0.20634322,0.1448764
0.898663,0.7263274,0.7858276,0.12716523,0.1997653,0.13569553
0.7978346,0.5553243,0.69844854,0.18498392,0.28962576,0.18749733
0.90385795,0.6469301,0.76009953,0.114394784,0.2503018,0.17123052
0.9302726,0.81264776,0.86445975,0.08518708,0.12740016,0.07465569
0.93635917,0.7549323,0.82611656,0.0728649,0.19316837,0.13205558
0.8658193,0.51672137,0.6578407,0.1516681,0.3144115,0.227477
0.8991368,0.63922405,0.80195713,0.14295165,0.2403695,0.13812798
0.75891787,0.5019751,0.6719573,0.18213269,0.2807519,0.18410844
0.9363458,0.8297679,0.8722848,0.07471904,0.11009307,0.067643665
0.82690954,0.6003597,0.73979664,0.14874509,0.25210577,0.16549744
0.93128586,0.83474094,0.8831636,0.09001561,0.11048019,0.06494278
0.92430705,0.63687795,0.7923132,0.112707414,0.20270392,0.11632677
0.93023205,0.8462561,0.86986583,0.07467983,0.111500025,0.0787426
0.8573637,0.6334494,0.7739658,0.15632673,0.2392575,0.14400153
0.7629034,0.572941,0.72289103,0.19172363,0.2587251,0.1647746
0.767243,0.5467748,0.6993682,0.17771882,0.2763627,0.18211415
0.87705153,0.7975897,0.8766667,0.12366581,0.13304827,0.07152231
0.9188964,0.81743175,0.8543409,0.0940703,0.1370967,0.092199735
0.7610851,0.5124626,0.69405323,0.19493607,0.29769698,0.1862865
0.8163008,0.58676285,0.73831594,0.1715799,0.26718634,0.17039028
0.7735379,0.509152,0.67105025,0.18338732,0.2853573,0.18820235
0.94140476,0.88331544,0.90209806,0.07187873,0.09835754,0.06474771
0.82918966,0.45362687,0.6419384,0.15504989,0.31042433,0.20239852
0.9573893,0.8109687,0.8585791,0.059855714,0.1285407,0.08058099
0.8894991,0.4979282,0.63069093,0.13907954,0.32999802,0.24492514
0.93722945,0.86724824,0.8764453,0.07274321,0.106724545,0.07993423
0.9119103,0.786896,0.8314087,0.10173759,0.15109718,0.10159687
0.7893931,0.56186175,0.75076,0.21408221,0.29089242,0.16637565
0.9264957,0.80669594,0.8581163,0.09418802,0.13158606,0.08290495
0.9031278,0.79015505,0.86345893,0.12193051,0.16715522,0.09912301
0.9061639,0.8300654,0.86034817,0.10146404,0.11917477,0.08489996
0.89677584,0.6123461,0.77654684,0.14609735,0.23275705,0.13380203
0.9267873,0.8813708,0.8930366,0.08084564,0.092971295,0.067253724
0.9136889,0.77406406,0.82257605,0.10504988,0.15270723,0.10611924
0.9620103,0.8495302,0.8804821,0.051065587,0.10653209,0.07260021
0.96113247,0.7647992,0.83447427,0.06594205,0.17523217,0.113479294
0.9190201,0.6428083,0.7651406,0.10423815,0.2279333,0.14453581
0.86620694,0.7560005,0.8125547,0.15131533,0.18700622,0.12873168
0.90160745,0.80988324,0.88302135,0.095201604,0.123735815,0.07696168
0.8542237,0.7263832,0.8146899,0.14975971,0.19503279,0.120107375
0.91060287,0.6668503,0.7834266,0.09881002,0.2033823,0.13047102
0.90780574,0.64200497,0.7757315,0.1548426,0.22256854,0.13629153
0.823842,0.6090159,0.78498834,0.1449858,0.20900358,0.11329711
0.8332118,0.5180656,0.65919846,0.16767254,0.29815805,0.21576525
0.9120516,0.82848936,0.8574835,0.10606939,0.13384889,0.09092691
0.96898943,0.6800361,0.78222376,0.053209107,0.21596245,0.14650536
0.881678,0.65114224,0.747697,0.15295392,0.23735051,0.16001257
0.9194477,0.8503525,0.86871135,0.08315299,0.10460963,0.07489044
0.9481331,0.8859323,0.9028198,0.068496436,0.09190637,0.062308505
0.8649441,0.5118437,0.67819476,0.14690913,0.296259,0.19782741
0.9239661,0.86184996,0.88851625,0.09509925,0.107791156,0.07061722
0.8849265,0.7778731,0.8587659,0.13524993,0.17224109,0.10117903
0.9455396,0.87416214,0.8918379,0.063450135,0.09380273,0.06676983
0.92965317,0.8632443,0.8778585,0.088260025,0.10875288,0.07418419
0.70070016,0.47020334,0.60255563,0.1950944,0.2861324,0.21499255
0.79166615,0.5464854,0.69847375,0.18646446,0.28815752,0.18843879
0.9278982,0.8634924,0.88744813,0.09072921,0.10881464,0.07123232
0.8920519,0.72053295,0.78236943,0.11137557,0.1866989,0.13153148
0.92336726,0.80069953,0.8588387,0.10547035,0.14084356,0.08318469
0.8554941,0.79541445,0.88103706,0.13181113,0.12867327,0.06364528
0.8605978,0.6791082,0.7611977,0.15079406,0.21485928,0.15335187
0.79587483,0.4417606,0.6306532,0.17378514,0.31631133,0.20792235
0.71190155,0.45710975,0.6045159,0.22656484,0.35153666,0.2521
0.80174875,0.5417862,0.7187635,0.16089404,0.2718926,0.16548577
0.770729,0.49211892,0.6369501,0.19687809,0.31420603,0.22521083
0.7721693,0.62835026,0.7249814,0.1898072,0.25456792,0.18428016
0.93187255,0.8421553,0.85591286,0.076626785,0.10798986,0.07934859
0.8484828,0.5332123,0.6907344,0.14284474,0.30358532,0.20050949
0.8936162,0.5159972,0.6686022,0.13416922,0.3219475,0.2182007
0.9109862,0.7464687,0.7976066,0.111476645,0.18297581,0.13097224
0.88119954,0.6807556,0.8169969,0.16428481,0.21064787,0.114288345
0.9376062,0.8598034,0.89067817,0.0822401,0.11016923,0.06955514
0.90936124,0.7722347,0.83819586,0.12494755,0.16671331,0.104879126
0.9176542,0.72308725,0.8432571,0.103582494,0.18687482,0.10233232
0.8288824,0.55929846,0.70916504,0.16075352,0.29283413,0.18879172
0.9009142,0.7643003,0.82360154,0.102938585,0.17282145,0.118584394
0.9322149,0.8548886,0.8788511,0.09320817,0.12475591,0.08438338
0.87613356,0.78959054,0.8714758,0.15629573,0.16235791,0.090424895
0.68794346,0.5539021,0.6924965,0.25315174,0.31977892,0.21218565
0.9515711,0.86951935,0.88873523,0.055097263,0.10308838,0.069610335
0.906712,0.79889727,0.84736764,0.1057328,0.14126249,0.08874521
0.7667308,0.5924506,0.70750254,0.19849849,0.27704686,0.19247669
0.87327164,0.5910085,0.75778174,0.114080116,0.21981147,0.13808094
0.83570737,0.6975161,0.77259123,0.1733064,0.22452347,0.15321776
0.94748706,0.7926776,0.84296715,0.078371756,0.15213996,0.10134162
