slide_id,category,mtresh,close,a_t,a_h
001_ABC,1,7,18,1000,10
001_DEF,1,7,18,1000,10
002_ABC,1,7,18,1000,10
002_DEF,1,7,18,1000,10
002_G,1,7,18,1000,10
003_ABC,1,7,18,1000,10
003_DEF,1,7,18,1000,10
003_GH,1,7,18,1000,10
004_ABC,1,7,18,1000,10
004_DEF,1,7,18,1000,10
004_GHK,1,7,18,1000,10
004_LMN,1,7,18,1000,10
005_ABC,1,7,18,1000,10
005_DEF,1,7,18,1000,10
005_KL,1,7,18,1000,10
006_ABC,1,7,18,1000,10
006_DEF,1,7,18,1000,10
006_G,1,7,18,1000,10
007_ABC,1,7,18,1000,10
007_DEF,1,7,18,1000,10
008_ABC,1,7,18,1000,10
008_DEF,1,7,18,1000,10
008_GHK,1,7,18,1000,10
008_LMN,1,7,18,1000,10
009_ABC,1,7,18,1000,10
009_DEF,1,7,18,1000,10
009_GH,1,7,18,1000,10
010_ABC,1,7,18,1000,10
010_DEF,1,7,18,1000,10
010_GH,1,7,18,1000,10
010_KL,1,7,18,1000,10
011_ABC,1,7,18,1000,10
011_DEF,1,7,18,1000,10
012_AB,1,7,18,1000,10
012_CD,1,7,18,1000,10
012_E,1,7,18,1000,10
013_AB,1,7,18,1000,10
014_AB,1,7,18,1000,10
014_CD,1,7,18,1000,10
014_EF,1,7,18,1000,10
015_ZZZ,1,7,18,1000,10
016_ABC,1,7,18,1000,10
016_DEF,1,7,18,1000,10
016_GH,1,7,18,1000,10
016_KL,1,7,18,1000,10
017_ABC,1,7,18,1000,10
017_DEF,1,7,18,1000,10
018_ABC,1,7,18,1000,10
018_DEF,1,7,18,1000,10
019_ABC,1,7,18,1000,10
019_DEF,1,7,18,1000,10
020_AB,1,7,18,1000,10
020_CD,1,7,18,1000,10
021_ABC,1,7,18,1000,10
021_DEF,1,7,18,1000,10
022_AB,1,7,18,1000,10
022_CD,1,7,18,1000,10
022_EF,1,7,18,1000,10
023_ABC,1,7,18,1000,10
023_DEF,1,7,18,1000,10
024_DEF,1,7,18,1000,10
024_GH,1,7,18,1000,10
024_KL,1,7,18,1000,10
025_CD,1,7,18,1000,10
025_EF,1,7,18,1000,10
026_ABC,1,7,18,1000,10
026_DEF,1,7,18,1000,10
027_ABC,1,7,18,1000,10
027_HKL,1,7,18,1000,10
028_EF,1,7,18,1000,10
029_ABC,1,7,18,1000,10
029_DEF,1,7,18,1000,10
030_AB,1,7,18,1000,10
030_CD,1,7,18,1000,10
030_EF,1,7,18,1000,10
030_GH,1,7,18,1000,10
031_DE,1,7,18,1000,10
032_AB,1,7,18,1000,10
032_CD,1,7,18,1000,10
032_EF,1,7,18,1000,10
032_GH,1,7,18,1000,10
033_ABC,1,7,18,1000,10
033_DEF,1,7,18,1000,10
033_GH,1,7,18,1000,10
033_KL,1,7,18,1000,10
034_AB,1,7,18,1000,10
034_CD,1,7,18,1000,10
034_EF,1,7,18,1000,10
035_DEF,1,7,18,1000,10
035_GH,1,7,18,1000,10
035_KL,1,7,18,1000,10
036_AB,1,7,18,1000,10
036_CD,1,7,18,1000,10
036_EF,1,7,18,1000,10
037_A,1,7,18,1000,10
037_BC,1,7,18,1000,10
037_DEF,1,7,18,1000,10
038_ABC,1,7,18,1000,10
038_DE,1,7,18,1000,10
038_FGH,1,7,18,1000,10
039_ABC,1,7,18,1000,10
039_DEF,1,7,18,1000,10
040_ABC,1,7,18,1000,10
041_ABC,1,7,18,1000,10
041_DEF,1,7,18,1000,10
042_ABC,1,7,18,1000,10
042_DE,1,7,18,1000,10
043_AB,1,7,18,1000,10
043_CD,1,7,18,1000,10
044_ABC,1,7,18,1000,10
044_DEF,1,7,18,1000,10
045_ABC,1,7,18,1000,10
045_DEF,1,7,18,1000,10
046_AB,1,7,18,1000,10
046_CD,1,7,18,1000,10
046_EF,1,7,18,1000,10
046_GH,1,7,18,1000,10
047_AB,1,7,18,1000,10
047_CD,1,7,18,1000,10
047_EF,1,7,18,1000,10
048_DEF,1,7,18,1000,10
048_G,1,7,18,1000,10
049_ABC,1,7,18,1000,10
049_GHK,1,7,18,1000,10
049_L,1,7,18,1000,10
051_ABC,1,7,18,1000,10
051_DEF,1,7,18,1000,10
052_ABC,1,7,18,1000,10
052_DEF,1,7,18,1000,10
053_ABC,1,7,18,1000,10
053_DEF,1,7,18,1000,10
054_GH,1,7,18,1000,10
054_KL,1,7,18,1000,10
058_DEF,1,7,18,1000,10
058_GH,1,7,18,1000,10
058_KL,1,7,18,1000,10
059_AB,1,7,18,1000,10
059_CD,1,7,18,1000,10
059_EF,1,7,18,1000,10
061_ABC,1,7,18,1000,10
061_DEF,1,7,18,1000,10
062_ABC,1,7,18,1000,10
063_ABC,1,7,18,1000,10
064_ABC,1,7,18,1000,10
064_DEF,1,7,18,1000,10
064_GHK,1,7,18,1000,10
064_LMN,1,7,18,1000,10
065_ABC,1,7,18,1000,10
065_DEF,1,7,18,1000,10
066_ABC,1,7,18,1000,10
066_DEF,1,7,18,1000,10
066_GH,1,7,18,1000,10
067_AB,1,7,18,1000,10
068_ABC,1,7,18,1000,10
068_DEF,1,7,18,1000,10
070_LMN,1,7,18,1000,10
071_FGH,1,7,18,1000,10
072_ABC,1,7,18,1000,10
073_ABC,1,7,18,1000,10
073_DEF,1,7,18,1000,10
074_ABC,1,7,18,1000,10
075_ABC,1,7,18,1000,10
075_DEF,1,7,18,1000,10
076_ABD,1,7,18,1000,10
076_EF,1,7,18,1000,10
077_ABC,1,7,18,1000,10
077_DEF,1,7,18,1000,10
077_GH,1,7,18,1000,10
077_KL,1,7,18,1000,10
078_AB,1,7,18,1000,10
078_CD,1,7,18,1000,10
079_DEF,1,7,18,1000,10
080_ABC,1,7,18,1000,10
081_ABC,1,7,18,1000,10
081_DEF,1,7,18,1000,10
082_ABC,1,7,18,1000,10
082_DEF,1,7,18,1000,10
083_ABC,1,7,18,1000,10
083_DEF,1,7,18,1000,10
084_ABC,1,7,18,1000,10
084_DEF,1,7,18,1000,10
085_AB,1,7,18,1000,10
086_AB,1,7,18,1000,10
086_CD,1,7,18,1000,10
086_EF,1,7,18,1000,10
087_DEF,1,7,18,1000,10
088_ABC,1,7,18,1000,10
088_DEF,1,7,18,1000,10
088_GH,1,7,18,1000,10
088_KL,1,7,18,1000,10
089_EF,1,7,18,1000,10
090_DEF,1,7,18,1000,10
090_GH,1,7,18,1000,10
091_AB,1,7,18,1000,10
091_DE,1,7,18,1000,10
092_ABC,1,7,18,1000,10
092_DEF,1,7,18,1000,10
093_AB,1,7,18,1000,10
094_ABC,1,7,18,1000,10
094_DEF,1,7,18,1000,10
096_ABC,1,7,18,1000,10
096_DEF,1,7,18,1000,10
097_ABC,1,7,18,1000,10
098_ABC,1,7,18,1000,10
098_LMN,1,7,18,1000,10
099_ABC,1,7,18,1000,10
099_DEF,1,7,18,1000,10
099_GHK,1,7,18,1000,10
100_DEF,1,7,18,1000,10
101_ABC,1,7,18,1000,10
101_DEF,1,7,18,1000,10
102_AB,1,7,18,1000,10
102_GH,1,7,18,1000,10
103_ABC,1,7,18,1000,10
103_DEF,1,7,18,1000,10
104_CD,1,7,18,1000,10
104_EF,1,7,18,1000,10
105_ABC,1,7,18,1000,10
106_DEF,1,7,18,1000,10
108_CD,1,7,18,1000,10
108_EF,1,7,18,1000,10
109_ABC,1,7,18,1000,10
110_ABC,1,7,18,1000,10
110_DEF,1,7,18,1000,10
111_AB,1,7,18,1000,10
111_CD,1,7,18,1000,10
111_EF,1,7,18,1000,10
112_ABC,1,7,18,1000,10
113_ABC,1,7,18,1000,10
114_AB,1,7,18,1000,10
114_EF,1,7,18,1000,10
115_ABC,1,7,18,1000,10
115_DEF,1,7,18,1000,10
118_ABC,1,7,18,1000,10
118_DEF,1,7,18,1000,10
119_GHK,1,7,18,1000,10
119_L,1,7,18,1000,10
120_ABC,1,7,18,1000,10
120_GH,1,7,18,1000,10
121_CD,1,7,18,1000,10
122_DEF,1,7,18,1000,10
123_CD,1,7,18,1000,10
124_EF,1,7,18,1000,10
125_ABC,1,7,18,1000,10
125_DEF,1,7,18,1000,10
126_AB,1,7,18,1000,10
127_ABC,1,7,18,1000,10
127_DEF,1,7,18,1000,10
128_DEF,1,7,18,1000,10
128_GH,1,7,18,1000,10
128_KL,1,7,18,1000,10
129_ABC,1,7,18,1000,10
129_DEF,1,7,18,1000,10
130_DEF,1,7,18,1000,10
131_AB,1,7,18,1000,10
131_CD,1,7,18,1000,10
131_EF,1,7,18,1000,10
132_DEF,1,7,18,1000,10
133_ABC,1,7,18,1000,10
133_GH,1,7,18,1000,10
134_ABC,1,7,18,1000,10
134_DE,1,7,18,1000,10
134_FGH,1,7,18,1000,10
135_ABC,1,7,18,1000,10
135_DEF,1,7,18,1000,10
136_FG,1,7,18,1000,10
138_CD,1,7,18,1000,10
140_ABC,1,7,18,1000,10
140_DEF,1,7,18,1000,10
140_GH,1,7,18,1000,10
140_KL,1,7,18,1000,10
141_AB,1,7,18,1000,10
141_CD,1,7,18,1000,10
141_EF,1,7,18,1000,10
142_ABC,1,7,18,1000,10
142_DEF,1,7,18,1000,10
143_AB,1,7,18,1000,10
143_DE,1,7,18,1000,10
144_AB,1,7,18,1000,10
144_CD,1,7,18,1000,10
144_EF,1,7,18,1000,10
145_ABC,1,7,18,1000,10
145_DEF,1,7,18,1000,10
145_GHK,1,7,18,1000,10
145_LMN,1,7,18,1000,10
146_ABC,1,7,18,1000,10
147_DEF,1,7,18,1000,10
148_ABC,1,7,18,1000,10
148_DEF,1,7,18,1000,10
149_DEF,1,7,18,1000,10
150_ABC,1,7,18,1000,10
150_DEF,1,7,18,1000,10
151_AB,1,7,18,1000,10
151_EF,1,7,18,1000,10
152_ABC,1,7,18,1000,10
152_DEF,1,7,18,1000,10
154_CD,1,7,18,1000,10
155_DEF,1,7,18,1000,10
156_DEF,1,7,18,1000,10
158_AB,1,7,18,1000,10
158_CD,1,7,18,1000,10
159_ABC,1,7,18,1000,10
159_DEF,1,7,18,1000,10
160_A,1,7,18,1000,10
160_B,1,7,18,1000,10
160_C,1,7,18,1000,10
160_F,1,7,18,1000,10
160_H,1,7,18,1000,10
160_K,1,7,18,1000,10
160_L,1,7,18,1000,10
160_M,1,7,18,1000,10
160_N,1,7,18,1000,10
160_R,1,7,18,1000,10
161_ABC,1,7,18,1000,10
163_DEF,1,7,18,1000,10
165_AB,1,7,18,1000,10
165_CDE,1,7,18,1000,10
167_CD,1,7,18,1000,10
167_EF,1,7,18,1000,10
169_ABC,1,7,18,1000,10
169_DEF,1,7,18,1000,10
170_ABC,1,7,18,1000,10
170_DEF,1,7,18,1000,10
170_GH,1,7,18,1000,10
171_A,1,7,18,1000,10
171_B,1,7,18,1000,10
171_C,1,7,18,1000,10
171_D,1,7,18,1000,10
171_E,1,7,18,1000,10
171_F,1,7,18,1000,10
171_G,1,7,18,1000,10
171_H,1,7,18,1000,10
171_K,1,7,18,1000,10
171_L,1,7,18,1000,10
171_N,1,7,18,1000,10
172_ABC,1,7,18,1000,10
172_KL,1,7,18,1000,10
173_ABC,1,7,18,1000,10
173_DE,1,7,18,1000,10
173_FGH,1,7,18,1000,10
173_KL,1,7,18,1000,10
174_ABC,1,7,18,1000,10
175_ABC,1,7,18,1000,10
175_DEF,1,7,18,1000,10
176_ABC,1,7,18,1000,10
176_GHK,1,7,18,1000,10
177_ABC,1,7,18,1000,10
177_DEF,1,7,18,1000,10
178_ABC,1,7,18,1000,10
178_DE,1,7,18,1000,10
178_FGH,1,7,18,1000,10
179_ABC,1,7,18,1000,10
179_DEF,1,7,18,1000,10
180_AB,1,7,18,1000,10
181_AB,1,7,18,1000,10
181_CD,1,7,18,1000,10
181_EF,1,7,18,1000,10
181_G,1,7,18,1000,10
182_DEF,1,7,18,1000,10
183_DEF,1,7,18,1000,10
184_ZZZ,1,7,18,1000,10
185_ABC,1,7,18,1000,10
185_DEF,1,7,18,1000,10
186_ABC,1,7,18,1000,10
186_GH,1,7,18,1000,10
187_ABC,1,7,18,1000,10
188_ABC,1,7,18,1000,10
189_AB,1,7,18,1000,10
189_CD,1,7,18,1000,10
189_EF,1,7,18,1000,10
190_ABC,1,7,18,1000,10
190_DEF,1,7,18,1000,10
191_CD,1,7,18,1000,10
192_DEF,1,7,18,1000,10
194_ABC,1,7,18,1000,10
194_DEF,1,7,18,1000,10
195_AB,1,7,18,1000,10
195_CD,1,7,18,1000,10
196_DE,1,7,18,1000,10
197_DEF,1,7,18,1000,10
198_AB,1,7,18,1000,10
198_EF,1,7,18,1000,10
199_ABC,1,7,18,1000,10
199_DEF,1,7,18,1000,10
203_DEF,1,7,18,1000,10
204_ABC,1,7,18,1000,10
204_DEF,1,7,18,1000,10
205_ABC,1,7,18,1000,10
205_DEF,1,7,18,1000,10
205_KL,1,7,18,1000,10
208_DEF,1,7,18,1000,10
209_ABC,1,7,18,1000,10
209_GH,1,7,18,1000,10
209_KL,1,7,18,1000,10
211_ZZZ,1,7,18,1000,10
212_ABC,1,7,18,1000,10
212_DEF,1,7,18,1000,10
213_ABC,1,7,18,1000,10
076_C,1,7,18,1000,10
080_DEF,1,7,18,1000,10
089_AB,1,7,18,1000,10
093_CD,1,7,18,1000,10
098_GHK,1,7,18,1000,10
102_EF,1,7,18,1000,10
119_ABC,1,7,18,1000,10
123_EF,1,7,18,1000,10
128_ABC,1,7,18,1000,10
132_ABC,1,7,18,1000,10
139_KL,1,7,18,1000,10
151_CD,1,7,18,1000,10
156_ABC,1,7,18,1000,10
161_DEF,1,7,18,1000,10
167_AB,1,7,18,1000,10
170_KL,1,7,18,1000,10
171_M,1,7,18,1000,10
174_DEF,1,7,18,1000,10
187_DEF,1,7,18,1000,10
192_ABC,1,7,18,1000,10
197_ABC,1,7,18,1000,10
209_DEF,1,7,18,1000,10
213_DEF,1,7,18,1000,10
213_GHK,1,7,18,1000,10
114_CD,1,7,18,1000,10
160_E,1,7,18,1000,10
201_KL,1,7,18,1000,10
005_GH,1,3,4,100,10
031_F,1,3,4,100,10
063_DEF,1,3,4,100,10
069_AB,1,3,4,100,10
069_E,1,3,4,100,10
089_CD,1,3,4,100,10
102_MN,1,3,4,100,10
117_ABC,1,3,4,100,10
120_DEF,1,3,4,100,10
124_AB,1,3,4,100,10
154_ABC,1,3,4,100,10
160_P,1,3,4,100,10
166_ABC,1,3,4,100,10
168_ABC,1,3,4,100,10
172_GH,1,3,4,100,10
178_KL,1,3,4,100,10
180_EFG,1,3,4,100,10
183_ABC,1,3,4,100,10
104_AB,1,1,4,100,10
136_DE,1,1,4,100,10
151_G,0,1,4,100,10
200_AB,1,1,4,100,10
206_AB,0,1,4,100,10
003_KL,1,7,4,100,10
013_CD,1,7,4,100,10
013_EF,1,7,4,100,10
024_ABC,1,7,4,100,10
025_AB,1,7,4,100,10
027_DE,1,7,4,100,10
027_FG,1,7,4,100,10
028_AB,1,7,4,100,10
028_CD,1,7,4,100,10
031_ABC,1,7,4,100,10
035_ABC,1,7,4,100,10
040_DEF,1,7,4,100,10
048_ABC,1,7,4,100,10
049_DEF,1,7,4,100,10
050_ABC,1,7,4,100,10
050_DEF,1,7,4,100,10
051_GH,1,7,4,100,10
053_GH,1,7,4,100,10
054_ABC,1,7,4,100,10
054_DEF,1,7,4,100,10
055_ABC,1,7,4,100,10
055_DEF,1,7,4,100,10
056_ABC,1,7,4,100,10
056_DEF,1,7,4,100,10
057_ABC,1,7,4,100,10
057_DEF,1,7,4,100,10
058_ABC,1,7,4,100,10
060_ABC,1,7,4,100,10
060_DEF,1,7,4,100,10
062_DEF,1,7,4,100,10
069_CD,1,7,4,100,10
069_F,1,7,4,100,10
070_ABC,1,7,4,100,10
070_DEF,1,7,4,100,10
070_GHK,1,7,4,100,10
071_ABC,1,7,4,100,10
071_DE,1,7,4,100,10
071_KL,1,7,4,100,10
072_DEF,1,7,4,100,10
074_DEF,1,7,4,100,10
074_GH,1,7,4,100,10
080_G,1,7,4,100,10
085_CDE,1,7,4,100,10
085_F,1,7,4,100,10
087_ABC,1,7,4,100,10
090_ABC,1,7,4,100,10
095_ABC,1,7,4,100,10
095_DEF,1,7,4,100,10
097_DEF,1,7,4,100,10
098_DEF,1,7,4,100,10
100_ABC,1,7,4,100,10
102_CD,1,7,4,100,10
102_KL,1,7,4,100,10
105_DEF,1,7,4,100,10
105_GHK,1,7,4,100,10
106_ABC,1,7,4,100,10
107_ABC,1,7,4,100,10
107_DEF,1,7,4,100,10
107_GHK,1,7,4,100,10
107_L,1,7,4,100,10
108_AB,1,7,4,100,10
109_DEF,1,7,4,100,10
112_DEF,1,7,4,100,10
116_AB,1,7,4,100,10
117_DE,1,7,4,100,10
117_FGH,1,7,4,100,10
117_KL,1,7,4,100,10
119_DEF,1,7,4,100,10
121_AB,1,7,4,100,10
124_CD,1,7,4,100,10
126_CD,1,7,4,100,10
126_EF,1,7,4,100,10
130_ABC,1,7,4,100,10
133_DEF,1,7,4,100,10
134_KL,1,7,4,100,10
137_ABC,1,7,4,100,10
137_DEF,1,7,4,100,10
137_GHK,1,7,4,100,10
137_LMM,1,7,4,100,10
138_AB,1,7,4,100,10
139_ABC,1,7,4,100,10
139_DEF,1,7,4,100,10
139_GH,1,7,4,100,10
143_C,1,7,4,100,10
143_F,1,7,4,100,10
146_DEF,1,7,4,100,10
147_ABC,1,7,4,100,10
150_GH,1,7,4,100,10
150_KL,1,7,4,100,10
153_ABC,1,7,4,100,10
153_DEF,1,7,4,100,10
155_ABC,1,7,4,100,10
157_ABC,1,7,4,100,10
160_D,1,7,4,100,10
160_G,1,7,4,100,10
162_ABC,1,7,4,100,10
162_DEF,1,7,4,100,10
163_ABC,1,7,4,100,10
164_ABC,1,7,4,100,10
166_DEF,1,7,4,100,10
168_DEF,1,7,4,100,10
169_GH,1,7,4,100,10
172_DEF,1,7,4,100,10
176_DEF,1,7,4,100,10
179_GH,1,7,4,100,10
180_CD,1,7,4,100,10
186_DEF,1,7,4,100,10
188_DEF,1,7,4,100,10
193_ABCD,1,7,4,100,10
193_EFG,1,7,4,100,10
195_EF,1,7,4,100,10
196_ABC,1,7,4,100,10
198_CD,1,7,4,100,10
201_ABC,1,7,4,100,10
201_DEF,1,7,4,100,10
201_GH,1,7,4,100,10
202_ABC,1,7,4,100,10
202_DEF,1,7,4,100,10
203_ABC,1,7,4,100,10
203_GHK,1,7,4,100,10
203_LMN,1,7,4,100,10
205_GH,1,7,4,100,10
206_CD,1,7,4,100,10
206_EF,1,7,4,100,10
207_ABC,1,7,4,100,10
207_DE,1,7,4,100,10
207_FG,1,7,4,100,10
208_ABC,1,7,4,100,10
210_ABC,1,7,4,100,10
210_DEF,1,7,4,100,10
210_GHK,1,7,4,100,10
210_L,1,7,4,100,10
213_LMN,1,7,4,100,10
078_EF,1,11,4,100,10
113_DEF,1,11,4,100,10
164_DEF,1,11,4,100,10
182_ABC,1,11,4,100,10
191_AB,1,11,4,100,10
191_EFG,1,11,4,100,10
