slide_id,category,mthresh,close,a_t,a_h,handled
001_ABC,1,7,18,1000,10,1
001_DEF,1,7,18,1000,10,1
002_ABC,1,7,18,1000,10,1
002_DEF,1,7,18,1000,10,1
002_G,1,7,18,1000,10,1
003_ABC,1,7,18,1000,10,1
003_DEF,1,7,18,1000,10,1
003_GH,1,7,18,1000,10,1
004_ABC,1,7,18,1000,10,1
004_DEF,1,7,18,1000,10,1
004_GHK,1,7,18,1000,10,1
004_LMN,1,7,18,1000,10,1
005_ABC,1,7,18,1000,10,1
005_DEF,1,7,18,1000,10,1
005_KL,1,7,18,1000,10,1
006_ABC,1,7,18,1000,10,1
006_DEF,1,7,18,1000,10,1
006_G,1,7,18,1000,10,1
007_ABC,1,7,18,1000,10,1
007_DEF,1,7,18,1000,10,1
008_ABC,1,7,18,1000,10,1
008_DEF,1,7,18,1000,10,1
008_GHK,1,7,18,1000,10,1
008_LMN,1,7,18,1000,10,1
009_ABC,1,7,18,1000,10,1
009_DEF,1,7,18,1000,10,1
009_GH,1,7,18,1000,10,1
010_ABC,1,7,18,1000,10,1
010_DEF,1,7,18,1000,10,1
010_GH,1,7,18,1000,10,1
010_KL,1,7,18,1000,10,1
011_ABC,1,7,18,1000,10,1
011_DEF,1,7,18,1000,10,1
012_AB,1,7,18,1000,10,1
012_CD,1,7,18,1000,10,1
012_E,1,7,18,1000,10,1
013_AB,1,7,18,1000,10,1
014_AB,1,7,18,1000,10,1
014_CD,1,7,18,1000,10,1
014_EF,1,7,18,1000,10,1
015_ZZZ,1,7,18,1000,10,1
016_ABC,1,7,18,1000,10,1
016_DEF,1,7,18,1000,10,1
016_GH,1,7,18,1000,10,1
016_KL,1,7,18,1000,10,1
017_ABC,1,7,18,1000,10,1
017_DEF,1,7,18,1000,10,1
018_ABC,1,7,18,1000,10,1
018_DEF,1,7,18,1000,10,1
019_ABC,1,7,18,1000,10,1
019_DEF,1,7,18,1000,10,1
020_AB,1,7,18,1000,10,1
020_CD,1,7,18,1000,10,1
021_ABC,1,7,18,1000,10,1
021_DEF,1,7,18,1000,10,1
022_AB,1,7,18,1000,10,1
022_CD,1,7,18,1000,10,1
022_EF,1,7,18,1000,10,1
023_ABC,1,7,18,1000,10,1
023_DEF,1,7,18,1000,10,1
024_DEF,1,7,18,1000,10,1
024_GH,1,7,18,1000,10,1
024_KL,1,7,18,1000,10,1
025_CD,1,7,18,1000,10,1
025_EF,1,7,18,1000,10,1
026_ABC,1,7,18,1000,10,1
026_DEF,1,7,18,1000,10,1
027_ABC,1,7,18,1000,10,1
027_HKL,1,7,18,1000,10,1
028_EF,1,7,18,1000,10,1
029_ABC,1,7,18,1000,10,1
029_DEF,1,7,18,1000,10,1
030_AB,1,7,18,1000,10,1
030_CD,1,7,18,1000,10,1
030_EF,1,7,18,1000,10,1
030_GH,1,7,18,1000,10,1
031_DE,1,7,18,1000,10,1
032_AB,1,7,18,1000,10,1
032_CD,1,7,18,1000,10,1
032_EF,1,7,18,1000,10,1
032_GH,1,7,18,1000,10,1
033_ABC,1,7,18,1000,10,1
033_DEF,1,7,18,1000,10,1
033_GH,1,7,18,1000,10,1
033_KL,1,7,18,1000,10,1
034_AB,1,7,18,1000,10,1
034_CD,1,7,18,1000,10,1
034_EF,1,7,18,1000,10,1
035_DEF,1,7,18,1000,10,1
035_GH,1,7,18,1000,10,1
035_KL,1,7,18,1000,10,1
036_AB,1,7,18,1000,10,1
036_CD,1,7,18,1000,10,1
036_EF,1,7,18,1000,10,1
037_A,1,7,18,1000,10,1
037_BC,1,7,18,1000,10,1
037_DEF,1,7,18,1000,10,1
038_ABC,1,7,18,1000,10,1
038_DE,1,7,18,1000,10,1
038_FGH,1,7,18,1000,10,1
039_ABC,1,7,18,1000,10,1
039_DEF,1,7,18,1000,10,1
040_ABC,1,7,18,1000,10,1
041_ABC,1,7,18,1000,10,1
041_DEF,1,7,18,1000,10,1
042_ABC,1,7,18,1000,10,1
042_DE,1,7,18,1000,10,1
043_AB,1,7,18,1000,10,1
043_CD,1,7,18,1000,10,1
044_ABC,1,7,18,1000,10,1
044_DEF,1,7,18,1000,10,1
045_ABC,1,7,18,1000,10,1
045_DEF,1,7,18,1000,10,1
046_AB,1,7,18,1000,10,1
046_CD,1,7,18,1000,10,1
046_EF,1,7,18,1000,10,1
046_GH,1,7,18,1000,10,1
047_AB,1,7,18,1000,10,1
047_CD,1,7,18,1000,10,1
047_EF,1,7,18,1000,10,1
048_DEF,1,7,18,1000,10,1
048_G,1,7,18,1000,10,1
049_ABC,1,7,18,1000,10,1
049_GHK,1,7,18,1000,10,1
049_L,1,7,18,1000,10,1
051_ABC,1,7,18,1000,10,1
051_DEF,1,7,18,1000,10,1
052_ABC,1,7,18,1000,10,1
052_DEF,1,7,18,1000,10,1
053_ABC,1,7,18,1000,10,1
053_DEF,1,7,18,1000,10,1
054_GH,1,7,18,1000,10,1
054_KL,1,7,18,1000,10,1
058_DEF,1,7,18,1000,10,1
058_GH,1,7,18,1000,10,1
058_KL,1,7,18,1000,10,1
059_AB,1,7,18,1000,10,1
059_CD,1,7,18,1000,10,1
059_EF,1,7,18,1000,10,1
061_ABC,1,7,18,1000,10,1
061_DEF,1,7,18,1000,10,1
062_ABC,1,7,18,1000,10,1
063_ABC,1,7,18,1000,10,1
064_ABC,1,7,18,1000,10,1
064_DEF,1,7,18,1000,10,1
064_GHK,1,7,18,1000,10,1
064_LMN,1,7,18,1000,10,1
065_ABC,1,7,18,1000,10,1
065_DEF,1,7,18,1000,10,1
066_ABC,1,7,18,1000,10,1
066_DEF,1,7,18,1000,10,1
066_GH,1,7,18,1000,10,1
067_AB,1,7,18,1000,10,1
068_ABC,1,7,18,1000,10,1
068_DEF,1,7,18,1000,10,1
070_LMN,1,7,18,1000,10,1
071_FGH,1,7,18,1000,10,1
072_ABC,1,7,18,1000,10,1
073_ABC,1,7,18,1000,10,1
073_DEF,1,7,18,1000,10,1
074_ABC,1,7,18,1000,10,1
075_ABC,1,7,18,1000,10,1
075_DEF,1,7,18,1000,10,1
076_ABD,1,7,18,1000,10,1
076_EF,1,7,18,1000,10,1
077_ABC,1,7,18,1000,10,1
077_DEF,1,7,18,1000,10,1
077_GH,1,7,18,1000,10,1
077_KL,1,7,18,1000,10,1
078_AB,1,7,18,1000,10,1
078_CD,1,7,18,1000,10,1
079_DEF,1,7,18,1000,10,1
080_ABC,1,7,18,1000,10,1
081_ABC,1,7,18,1000,10,1
081_DEF,1,7,18,1000,10,1
082_ABC,1,7,18,1000,10,1
082_DEF,1,7,18,1000,10,1
083_ABC,1,7,18,1000,10,1
083_DEF,1,7,18,1000,10,1
084_ABC,1,7,18,1000,10,1
084_DEF,1,7,18,1000,10,1
085_AB,1,7,18,1000,10,1
086_AB,1,7,18,1000,10,1
086_CD,1,7,18,1000,10,1
086_EF,1,7,18,1000,10,1
087_DEF,1,7,18,1000,10,1
088_ABC,1,7,18,1000,10,1
088_DEF,1,7,18,1000,10,1
088_GH,1,7,18,1000,10,1
088_KL,1,7,18,1000,10,1
089_EF,1,7,18,1000,10,1
090_DEF,1,7,18,1000,10,1
090_GH,1,7,18,1000,10,1
091_AB,1,7,18,1000,10,1
091_DE,1,7,18,1000,10,1
092_ABC,1,7,18,1000,10,1
092_DEF,1,7,18,1000,10,1
093_AB,1,7,18,1000,10,1
094_ABC,1,7,18,1000,10,1
094_DEF,1,7,18,1000,10,1
096_ABC,1,7,18,1000,10,1
096_DEF,1,7,18,1000,10,1
097_ABC,1,7,18,1000,10,1
098_ABC,1,7,18,1000,10,1
098_LMN,1,7,18,1000,10,1
099_ABC,1,7,18,1000,10,1
099_DEF,1,7,18,1000,10,1
099_GHK,1,7,18,1000,10,1
100_DEF,1,7,18,1000,10,1
101_ABC,1,7,18,1000,10,1
101_DEF,1,7,18,1000,10,1
102_AB,1,7,18,1000,10,1
102_GH,1,7,18,1000,10,1
103_ABC,1,7,18,1000,10,1
103_DEF,1,7,18,1000,10,1
104_CD,1,7,18,1000,10,1
104_EF,1,7,18,1000,10,1
105_ABC,1,7,18,1000,10,1
106_DEF,1,7,18,1000,10,1
108_CD,1,7,18,1000,10,1
108_EF,1,7,18,1000,10,1
109_ABC,1,7,18,1000,10,1
110_ABC,1,7,18,1000,10,1
110_DEF,1,7,18,1000,10,1
111_AB,1,7,18,1000,10,1
111_CD,1,7,18,1000,10,1
111_EF,1,7,18,1000,10,1
112_ABC,1,7,18,1000,10,1
113_ABC,1,7,18,1000,10,1
114_AB,1,7,18,1000,10,1
114_EF,1,7,18,1000,10,1
115_ABC,1,7,18,1000,10,1
115_DEF,1,7,18,1000,10,1
118_ABC,1,7,18,1000,10,1
118_DEF,1,7,18,1000,10,1
119_GHK,1,7,18,1000,10,1
119_L,1,7,18,1000,10,1
120_ABC,1,7,18,1000,10,1
120_GH,1,7,18,1000,10,1
121_CD,1,7,18,1000,10,1
122_DEF,1,7,18,1000,10,1
123_CD,1,7,18,1000,10,1
124_EF,1,7,18,1000,10,1
125_ABC,1,7,18,1000,10,1
125_DEF,1,7,18,1000,10,1
126_AB,1,7,18,1000,10,1
127_ABC,1,7,18,1000,10,1
127_DEF,1,7,18,1000,10,1
128_DEF,1,7,18,1000,10,1
128_GH,1,7,18,1000,10,1
128_KL,1,7,18,1000,10,1
129_ABC,1,7,18,1000,10,1
129_DEF,1,7,18,1000,10,1
130_DEF,1,7,18,1000,10,1
131_AB,1,7,18,1000,10,1
131_CD,1,7,18,1000,10,1
131_EF,1,7,18,1000,10,1
132_DEF,1,7,18,1000,10,1
133_ABC,1,7,18,1000,10,1
133_GH,1,7,18,1000,10,1
134_ABC,1,7,18,1000,10,1
134_DE,1,7,18,1000,10,1
134_FGH,1,7,18,1000,10,1
135_ABC,1,7,18,1000,10,1
135_DEF,1,7,18,1000,10,1
136_FG,1,7,18,1000,10,1
138_CD,1,7,18,1000,10,1
140_ABC,1,7,18,1000,10,1
140_DEF,1,7,18,1000,10,1
140_GH,1,7,18,1000,10,1
140_KL,1,7,18,1000,10,1
141_AB,1,7,18,1000,10,1
141_CD,1,7,18,1000,10,1
141_EF,1,7,18,1000,10,1
142_ABC,1,7,18,1000,10,1
142_DEF,1,7,18,1000,10,1
143_AB,1,7,18,1000,10,1
143_DE,1,7,18,1000,10,1
144_AB,1,7,18,1000,10,1
144_CD,1,7,18,1000,10,1
144_EF,1,7,18,1000,10,1
145_ABC,1,7,18,1000,10,1
145_DEF,1,7,18,1000,10,1
145_GHK,1,7,18,1000,10,1
145_LMN,1,7,18,1000,10,1
146_ABC,1,7,18,1000,10,1
147_DEF,1,7,18,1000,10,1
148_ABC,1,7,18,1000,10,1
148_DEF,1,7,18,1000,10,1
149_DEF,1,7,18,1000,10,1
150_ABC,1,7,18,1000,10,1
150_DEF,1,7,18,1000,10,1
151_AB,1,7,18,1000,10,1
151_EF,1,7,18,1000,10,1
152_ABC,1,7,18,1000,10,1
152_DEF,1,7,18,1000,10,1
154_CD,1,7,18,1000,10,1
155_DEF,1,7,18,1000,10,1
156_DEF,1,7,18,1000,10,1
158_AB,1,7,18,1000,10,1
158_CD,1,7,18,1000,10,1
159_ABC,1,7,18,1000,10,1
159_DEF,1,7,18,1000,10,1
160_A,1,7,18,1000,10,1
160_B,1,7,18,1000,10,1
160_C,1,7,18,1000,10,1
160_F,1,7,18,1000,10,1
160_H,1,7,18,1000,10,1
160_K,1,7,18,1000,10,1
160_L,1,7,18,1000,10,1
160_M,1,7,18,1000,10,1
160_N,1,7,18,1000,10,1
160_R,1,7,18,1000,10,1
161_ABC,1,7,18,1000,10,1
163_DEF,1,7,18,1000,10,1
165_AB,1,7,18,1000,10,1
165_CDE,1,7,18,1000,10,1
167_CD,1,7,18,1000,10,1
167_EF,1,7,18,1000,10,1
169_ABC,1,7,18,1000,10,1
169_DEF,1,7,18,1000,10,1
170_ABC,1,7,18,1000,10,1
170_DEF,1,7,18,1000,10,1
170_GH,1,7,18,1000,10,1
171_A,1,7,18,1000,10,1
171_B,1,7,18,1000,10,1
171_C,1,7,18,1000,10,1
171_D,1,7,18,1000,10,1
171_E,1,7,18,1000,10,1
171_F,1,7,18,1000,10,1
171_G,1,7,18,1000,10,1
171_H,1,7,18,1000,10,1
171_K,1,7,18,1000,10,1
171_L,1,7,18,1000,10,1
171_N,1,7,18,1000,10,1
172_ABC,1,7,18,1000,10,1
172_KL,1,7,18,1000,10,1
173_ABC,1,7,18,1000,10,1
173_DE,1,7,18,1000,10,1
173_FGH,1,7,18,1000,10,1
173_KL,1,7,18,1000,10,1
174_ABC,1,7,18,1000,10,1
175_ABC,1,7,18,1000,10,1
175_DEF,1,7,18,1000,10,1
176_ABC,1,7,18,1000,10,1
176_GHK,1,7,18,1000,10,1
177_ABC,1,7,18,1000,10,1
177_DEF,1,7,18,1000,10,1
178_ABC,1,7,18,1000,10,1
178_DE,1,7,18,1000,10,1
178_FGH,1,7,18,1000,10,1
179_ABC,1,7,18,1000,10,1
179_DEF,1,7,18,1000,10,1
180_AB,1,7,18,1000,10,1
181_AB,1,7,18,1000,10,1
181_CD,1,7,18,1000,10,1
181_EF,1,7,18,1000,10,1
181_G,1,7,18,1000,10,1
182_DEF,1,7,18,1000,10,1
183_DEF,1,7,18,1000,10,1
184_ZZZ,1,7,18,1000,10,1
185_ABC,1,7,18,1000,10,1
185_DEF,1,7,18,1000,10,1
186_ABC,1,7,18,1000,10,1
186_GH,1,7,18,1000,10,1
187_ABC,1,7,18,1000,10,1
188_ABC,1,7,18,1000,10,1
189_AB,1,7,18,1000,10,1
189_CD,1,7,18,1000,10,1
189_EF,1,7,18,1000,10,1
190_ABC,1,7,18,1000,10,1
190_DEF,1,7,18,1000,10,1
191_CD,1,7,18,1000,10,1
192_DEF,1,7,18,1000,10,1
194_ABC,1,7,18,1000,10,1
194_DEF,1,7,18,1000,10,1
195_AB,1,7,18,1000,10,1
195_CD,1,7,18,1000,10,1
196_DE,1,7,18,1000,10,1
197_DEF,1,7,18,1000,10,1
198_AB,1,7,18,1000,10,1
198_EF,1,7,18,1000,10,1
199_ABC,1,7,18,1000,10,1
199_DEF,1,7,18,1000,10,1
203_DEF,1,7,18,1000,10,1
204_ABC,1,7,18,1000,10,1
204_DEF,1,7,18,1000,10,1
205_ABC,1,7,18,1000,10,1
205_DEF,1,7,18,1000,10,1
205_KL,1,7,18,1000,10,1
208_DEF,1,7,18,1000,10,1
209_ABC,1,7,18,1000,10,1
209_GH,1,7,18,1000,10,1
209_KL,1,7,18,1000,10,1
211_ZZZ,1,7,18,1000,10,1
212_ABC,1,7,18,1000,10,1
212_DEF,1,7,18,1000,10,1
213_ABC,1,7,18,1000,10,1
076_C,1,7,18,1000,10,1
080_DEF,1,7,18,1000,10,1
089_AB,1,7,18,1000,10,1
093_CD,1,7,18,1000,10,1
098_GHK,1,7,18,1000,10,1
102_EF,1,7,18,1000,10,1
119_ABC,1,7,18,1000,10,1
123_EF,1,7,18,1000,10,1
128_ABC,1,7,18,1000,10,1
132_ABC,1,7,18,1000,10,1
139_KL,1,7,18,1000,10,1
151_CD,1,7,18,1000,10,1
156_ABC,1,7,18,1000,10,1
161_DEF,1,7,18,1000,10,1
167_AB,1,7,18,1000,10,1
170_KL,1,7,18,1000,10,1
171_M,1,7,18,1000,10,1
174_DEF,1,7,18,1000,10,1
187_DEF,1,7,18,1000,10,1
192_ABC,1,7,18,1000,10,1
197_ABC,1,7,18,1000,10,1
209_DEF,1,7,18,1000,10,1
213_DEF,1,7,18,1000,10,1
213_GHK,1,7,18,1000,10,1
114_CD,1,7,18,1000,10,1
160_E,1,7,18,1000,10,1
201_KL,1,7,18,1000,10,1
005_GH,1,3,4,100,10,1
031_F,1,3,4,100,10,1
063_DEF,1,3,4,100,10,1
069_AB,1,3,4,100,10,1
069_E,1,3,4,100,10,1
089_CD,1,3,4,100,10,1
102_MN,1,3,4,100,10,1
117_ABC,1,3,4,100,10,1
120_DEF,1,3,4,100,10,1
124_AB,1,3,4,100,10,1
154_ABC,1,3,4,100,10,1
160_P,1,3,4,100,10,1
166_ABC,1,3,4,100,10,1
168_ABC,1,3,4,100,10,1
172_GH,1,3,4,100,10,1
178_KL,1,3,4,100,10,1
180_EFG,1,3,4,100,10,1
183_ABC,1,3,4,100,10,1
104_AB,1,1,4,100,10,1
136_DE,1,1,4,100,10,1
200_AB,1,1,4,100,10,1
003_KL,1,7,4,100,10,1
013_CD,1,7,4,100,10,1
013_EF,1,7,4,100,10,1
024_ABC,1,7,4,100,10,1
025_AB,1,7,4,100,10,1
027_DE,1,7,4,100,10,1
027_FG,1,7,4,100,10,1
028_AB,1,7,4,100,10,1
028_CD,1,7,4,100,10,1
031_ABC,1,7,4,100,10,1
035_ABC,1,7,4,100,10,1
040_DEF,1,7,4,100,10,1
048_ABC,1,7,4,100,10,1
049_DEF,1,7,4,100,10,1
050_ABC,1,7,4,100,10,1
050_DEF,1,7,4,100,10,1
051_GH,1,7,4,100,10,1
053_GH,1,7,4,100,10,1
054_ABC,1,7,4,100,10,1
054_DEF,1,7,4,100,10,1
055_ABC,1,7,4,100,10,1
055_DEF,1,7,4,100,10,1
056_ABC,1,7,4,100,10,1
056_DEF,1,7,4,100,10,1
057_ABC,1,7,4,100,10,1
057_DEF,1,7,4,100,10,1
058_ABC,1,7,4,100,10,1
060_ABC,1,7,4,100,10,1
060_DEF,1,7,4,100,10,1
062_DEF,1,7,4,100,10,1
069_CD,1,7,4,100,10,1
069_F,1,7,4,100,10,1
070_ABC,1,7,4,100,10,1
070_DEF,1,7,4,100,10,1
070_GHK,1,7,4,100,10,1
071_ABC,1,7,4,100,10,1
071_DE,1,7,4,100,10,1
071_KL,1,7,4,100,10,1
072_DEF,1,7,4,100,10,1
074_DEF,1,7,4,100,10,1
074_GH,1,7,4,100,10,1
080_G,1,7,4,100,10,1
085_CDE,1,7,4,100,10,1
085_F,1,7,4,100,10,1
087_ABC,1,7,4,100,10,1
090_ABC,1,7,4,100,10,1
095_ABC,1,7,4,100,10,1
095_DEF,1,7,4,100,10,1
097_DEF,1,7,4,100,10,1
098_DEF,1,7,4,100,10,1
100_ABC,1,7,4,100,10,1
102_CD,1,7,4,100,10,1
102_KL,1,7,4,100,10,1
105_DEF,1,7,4,100,10,1
105_GHK,1,7,4,100,10,1
106_ABC,1,7,4,100,10,1
107_ABC,1,7,4,100,10,1
107_DEF,1,7,4,100,10,1
107_GHK,1,7,4,100,10,1
107_L,1,7,4,100,10,1
108_AB,1,7,4,100,10,1
109_DEF,1,7,4,100,10,1
112_DEF,1,7,4,100,10,1
116_AB,1,7,4,100,10,1
117_DE,1,7,4,100,10,1
117_FGH,1,7,4,100,10,1
117_KL,1,7,4,100,10,1
119_DEF,1,7,4,100,10,1
121_AB,1,7,4,100,10,1
124_CD,1,7,4,100,10,1
126_CD,1,7,4,100,10,1
126_EF,1,7,4,100,10,1
130_ABC,1,7,4,100,10,1
133_DEF,1,7,4,100,10,1
134_KL,1,7,4,100,10,1
137_ABC,1,7,4,100,10,1
137_DEF,1,7,4,100,10,1
137_GHK,1,7,4,100,10,1
137_LMM,1,7,4,100,10,1
138_AB,1,7,4,100,10,1
139_ABC,1,7,4,100,10,1
139_DEF,1,7,4,100,10,1
139_GH,1,7,4,100,10,1
143_C,1,7,4,100,10,1
143_F,1,7,4,100,10,1
146_DEF,1,7,4,100,10,1
147_ABC,1,7,4,100,10,1
150_GH,1,7,4,100,10,1
150_KL,1,7,4,100,10,1
153_ABC,1,7,4,100,10,1
153_DEF,1,7,4,100,10,1
155_ABC,1,7,4,100,10,1
157_ABC,1,7,4,100,10,1
160_D,1,7,4,100,10,1
160_G,1,7,4,100,10,1
162_ABC,1,7,4,100,10,1
162_DEF,1,7,4,100,10,1
163_ABC,1,7,4,100,10,1
164_ABC,1,7,4,100,10,1
166_DEF,1,7,4,100,10,1
168_DEF,1,7,4,100,10,1
169_GH,1,7,4,100,10,1
172_DEF,1,7,4,100,10,1
176_DEF,1,7,4,100,10,1
179_GH,1,7,4,100,10,1
180_CD,1,7,4,100,10,1
186_DEF,1,7,4,100,10,1
188_DEF,1,7,4,100,10,1
193_ABCD,1,7,4,100,10,1
193_EFG,1,7,4,100,10,1
195_EF,1,7,4,100,10,1
196_ABC,1,7,4,100,10,1
198_CD,1,7,4,100,10,1
201_ABC,1,7,4,100,10,1
201_DEF,1,7,4,100,10,1
201_GH,1,7,4,100,10,1
202_ABC,1,7,4,100,10,1
202_DEF,1,7,4,100,10,1
203_ABC,1,7,4,100,10,1
203_GHK,1,7,4,100,10,1
203_LMN,1,7,4,100,10,1
205_GH,1,7,4,100,10,1
206_CD,1,7,4,100,10,1
206_EF,1,7,4,100,10,1
207_ABC,1,7,4,100,10,1
207_DE,1,7,4,100,10,1
207_FG,1,7,4,100,10,1
208_ABC,1,7,4,100,10,1
210_ABC,1,7,4,100,10,1
210_DEF,1,7,4,100,10,1
210_GHK,1,7,4,100,10,1
210_L,1,7,4,100,10,1
213_LMN,1,7,4,100,10,1
078_EF,1,11,4,100,10,1
113_DEF,1,11,4,100,10,1
164_DEF,1,11,4,100,10,1
182_ABC,1,11,4,100,10,1
191_AB,1,11,4,100,10,1
191_EFG,1,11,4,100,10,1
